row_id,target
0-4,0.003048022
0-32,0.003048022
0-34,0.003048022
